轨道代码,建议名称,轨距,速度,轴重,供电制式,建议年份,建议费用系数,建议制作优先级,备注
SAEE,通用轨道,无限制,60km/h,N/A,支持全部,1980,12,3,
SBEN,现代重载铁路,1435mm,120km/h,30t(+),N/A,1983,8,5,
SAEN,重载铁路,1435mm,80km/h,30t(+),N/A,1932,4,5,
SBEA,电气化重载铁路(25kV AC),1435mm,120km/h,30t(+),25kV AC,1983,12,5,
DBDN,准轨-蒙古宽轨套轨,1435/1520mm,120km/h,25t,N/A,1898,12,6,
DBDA,电气化准轨-蒙古宽轨套轨(25kV AC),1435/1520mm,120km/h,25t,25kV AC,1980,20,6,
SADN,铁路,1435mm,80km/h,25t,N/A,1881,2,1,
SBDN,干线铁路,1435mm,120km/h,25t,N/A,1911,4,1,
SCDN,准高速铁路,1435mm,160km/h,25t,N/A,1967,8,3,
SBDA,电气化铁路(25kV AC),1435mm,120km/h,25t,25kV AC,1958,8,1,
SCDA,电气化准高速铁路(25kV AC),1435mm,160km/h,25t,25kV AC,1991,16,3,
SDDA,电气化快速铁路(25kV AC),1435mm,200km/h,25t,25kV AC,1991,28,4,
SBEd,电气化厂矿铁路(1500V DC),1435mm,100km/h,25t,1500V DC,1920,8,2,
SADd,地铁轨道(1500V DC),1435mm,80km/h,25t,1500V DC,1979,6,5,
SBDd,地铁轨道(1500V DC),1435mm,140km/h,25t,1500V DC,1998,16,4,
SBDD,朝鲜电气化铁路,1435mm,100km/h,25t,3000V DC,1950,10,3,
SADL,直线电机轨道(第三轨),1435mm,90km/h,25t,"第三轨
+直线电机轨道",2005,8,5,
SBD3,地铁轨道(第三轨),1435mm,120km/h,25t,第三轨,2000,10,2,
SAD3,地铁轨道(第三轨),1435mm,80km/h,25t,第三轨,1969,4,5,
SADZ,地铁轨道(1500V DC接触网+第三轨),1435mm,80km/h,25t,1500V DC+第三轨,2000,16,4,
SCCA,城际铁路(25kV AC),1435mm,160km/h,23t,25kV AC,1999,12,3,
SDCA,客运专线(25kV AC),1435mm,210km/h,23t,25kV AC,1999,20,5,
SECA,高速铁路(25kV AC),1435mm,250km/h,23t,25kV AC,2003,24,4,
SFCA,高速铁路(25kV AC),1435mm,310km/h,23t,25kV AC,2005,32,3,
SGCA,高速铁路(25kV AC),1435mm,无限制,23t,25kV AC,2005,40,2,
NACN,窄轨铁路,1067/1000mm,80km/h,23t,N/A,1900,1,2,
NBCN,现代窄轨铁路,1067/1000mm,130km/h,23t,N/A,1930,3,5,
NBCA,电气化窄轨铁路,1067/1000mm,130km/h,23t,25kV AC,1950,6,5,
NCCA,高速窄轨铁路,1067/1000mm,160km/h,23t,25kV AC,2000,16,5,
,,,,,,,,,
MONO,,跨座式单轨,100km/h,,,,4,5,
MGLV,,磁悬浮,N/A,,,,32,5,
